,Coef
35_T,0.6347762113683655
40_Y,0.604057560050976
60_G,0.590423211484255
15_G,0.5821684924249286
57_D,0.5660866246336126
17_S,0.5641311956674931
58_T,0.5460831074595411
59_A,0.540875003291132
38_D,0.50516306673028
33_D,0.4801086687008915
37_E,0.47475985229315176
10_G,0.46166312965563516
64_Y,0.44511568376261956
159_L,0.4364311484278051
59_G,0.37866301577743433
78_F,0.3745971790055029
8_V,0.36965952383429146
56_L,0.34225836552787947
16_K,0.3415016677088713
59_S,0.3364629222151985
112_V,0.33317889096366654
114_V,0.32536501955251207
64_F,0.314902769319743
6_L,0.3005255047798932
36_I,0.29782431500852147
156_F,0.29733157429435997
59_T,0.29037228043323254
159_A,0.2890282919450556
71_Y,0.28682555655146624
79_L,0.28304531865294846
35_S,0.27548934421684396
28_F,0.27213831514815223
54_D,0.2700387530500248
32_Y,0.26571613253432463
111_M,0.26475686451941943
110_P,0.2628548760111237
64_L,0.2627091464424033
58_S,0.25347738511953066
17_T,0.2531469160007788
55_I,0.24179445390878
5_K,0.23897135493893926
9_V,0.23833626334110816
33_E,0.23789706979363792
18_A,0.2358854901130762
67_M,0.2344356506284347
56_T,0.23230929844661352
34_P,0.22776318554504435
72_M,0.22491623182289952
146_A,0.2123121272719906
155_A,0.21055535073955423
100_I,0.20644780066113882
20_T,0.20479652251057437
40_F,0.20415678395632003
77_G,0.20410090862049515
114_I,0.19834302606224322
113_F,0.1890751758193312
113_L,0.18707175727682027
69_D,0.1759856374668586
79_I,0.17059286533465381
7_V,0.16253670982616464
62_E,0.16203372177347308
112_I,0.16154553789804232
71_F,0.15817239864704805
114_L,0.1522541090482342
64_M,0.15120808963961493
63_E,0.14294520801131788
79_V,0.14039986822478612
64_W,0.13992774154001006
109_V,0.13785479364712988
47_D,0.13749859805710982
98_E,0.1364663281080907
119_D,0.13550769059939444
160_V,0.1297297354953896
48_G,0.12918987664000675
56_V,0.12438766925679688
67_L,0.12336798548653602
67_I,0.12180540739837564
55_T,0.12126928005120756
22_Q,0.12121967669496585
12_D,0.12083835529741033
54_E,0.11709863890238657
138_G,0.11563731797909461
56_C,0.11475938292145133
111_I,0.10942811662238153
68_R,0.10697067915722236
12_G,0.10484262884525693
40_H,0.10268839248214834
6_I,0.09837053951371871
59_C,0.09772140888715863
81_V,0.09712568089780121
39_S,0.09570381839314929
80_C,0.09169375086252679
5_N,0.09160885935496274
53_L,0.08793438450131673
38_C,0.08452640460181
49_E,0.08434828864825267
75_G,0.08108674033432722
32_H,0.0805545691547893
80_F,0.0802417902159235
159_I,0.07450143266708321
61_Q,0.07431866303705777
55_V,0.07118573101205779
66_P,0.07095000757359336
163_I,0.07009792996467294
134_A,0.06839956255795758
14_V,0.06079057780989657
83_D,0.06042056722313129
114_C,0.058692898977260634
58_A,0.058614781428780946
28_Y,0.05854354968535684
162_E,0.05752521613612757
72_I,0.05711305351298777
58_V,0.05320301479265613
11_A,0.05192313081261703
112_L,0.051224613209456205
63_D,0.04961823635359945
32_W,0.04874371751654121
16_E,0.04831508512598675
111_F,0.048280382873101546
26_N,0.046186085252382596
55_C,0.044679798220209704
25_Q,0.04317042821682937
86_N,0.042845031575421556
14_S,0.04076089609088528
39_G,0.040351641359580165
20_S,0.0380644233687928
159_M,0.0359009835378727
5_R,0.03548132994911537
139_I,0.03210603677502259
3_E,0.03188590713065814
33_W,0.03184524157821012
78_Y,0.03131877703234819
20_N,0.02979259298381271
36_C,0.02896967433802766
28_W,0.02706358679273535
184_K,0.025406995843414555
8_L,0.025402774761765144
167_K,0.024661855183748797
6_V,0.024385615773765322
55_L,0.023229369654886072
19_L,0.0197241616912459
39_A,0.019566210363374196
111_L,0.01921243102910832
39_C,0.014755336631161764
82_F,0.013754334165188216
114_M,0.012661450828299545
155_V,0.01239091096595944
63_Q,0.011038277598726094
116_T,0.01022924501978335
36_A,0.009253093166200554
132_D,0.008319493706917928
89_S,0.00788145101118717
34_A,0.007778813921115638
93_I,0.0052802714620076956
29_V,0.0029034027555870675
6_F,0.002180283689545071
50_T,0.0002842958358772222
123_H,0.0
122_V,0.0
123_I,-0.0
122_Q,0.0
118_I,0.0
122_R,-0.0
122_T,0.0
118_K,-0.0
122_W,-0.0
123_G,0.0
122_Y,0.0
123_A,0.0
118_M,0.0
123_C,0.0
123_D,0.0
118_L,0.0
118_H,0.0
123_F,-0.0
123_E,0.0
120_F,0.0
118_G,0.0
124_G,0.0
123_W,-0.0
123_Y,-0.0
124_A,0.0
124_C,0.0
124_D,0.0
124_E,0.0
124_F,-0.0
117_N,0.0
118_F,0.0
124_H,0.0
124_I,-0.0
124_K,0.0
117_M,0.0
117_L,0.0
117_I,0.0
124_L,-0.0
123_V,-0.0
117_Q,0.0
117_R,0.0
117_S,-0.0
123_K,-0.0
123_L,-0.0
118_E,-0.0
118_D,0.0
118_A,0.0
122_P,-0.0
117_W,0.0
123_M,-0.0
123_N,0.0
123_P,0.0
123_Q,0.0
117_V,0.0
123_S,0.0
123_T,0.0
117_T,-0.0
117_Y,0.0
122_E,0.0
118_N,0.0
119_P,-0.0
119_S,0.0
119_R,-0.0
120_W,-0.0
120_Y,-0.0
121_A,0.0
121_C,-0.0
119_Q,0.0
121_D,0.0
119_M,-0.0
121_E,0.0
121_F,-0.0
121_G,0.0
121_H,0.0
124_M,0.0
121_K,0.0
119_N,0.0
120_V,-0.0
120_T,0.0
119_T,-0.0
119_V,-0.0
120_H,0.0
120_I,0.0
120_E,0.0
120_D,0.0
120_C,0.0
120_K,-0.0
120_M,0.0
120_A,0.0
119_Y,0.0
120_N,-0.0
119_W,-0.0
120_P,-0.0
120_Q,-0.0
120_R,-0.0
120_S,0.0
121_L,0.0
121_M,-0.0
122_N,0.0
118_R,-0.0
118_W,-0.0
118_V,0.0
118_T,0.0
118_S,0.0
122_D,0.0
120_G,0.0
122_F,-0.0
122_G,0.0
121_N,0.0
122_H,0.0
122_I,-0.0
122_K,-0.0
118_Q,-0.0
118_P,-0.0
122_L,-0.0
122_M,-0.0
118_Y,0.0
119_A,-0.0
119_C,0.0
119_E,0.0
119_L,-0.0
119_K,-0.0
119_I,-0.0
121_Q,0.0
119_H,0.0
121_R,-0.0
121_S,0.0
121_T,0.0
121_V,0.0
121_W,-0.0
121_Y,-0.0
119_G,0.0
122_A,0.0
122_C,0.0
119_F,-0.0
121_I,-0.0
125_S,0.0
124_N,0.0
132_V,-0.0
131_N,0.0
131_P,-0.0
131_R,0.0
131_S,0.0
131_T,0.0
131_V,0.0
131_W,-0.0
131_Y,0.0
132_A,0.0
132_C,-0.0
132_E,0.0
132_F,-0.0
132_G,-0.0
132_H,-0.0
132_I,-0.0
132_K,0.0
132_L,-0.0
132_M,0.0
132_N,0.0
132_P,-0.0
132_Q,0.0
132_R,-0.0
132_S,0.0
131_M,0.0
131_L,0.0
131_K,-0.0
130_S,0.0
130_G,0.0
130_H,-0.0
130_I,0.0
130_K,-0.0
130_L,0.0
130_M,0.0
130_N,-0.0
130_P,-0.0
130_Q,-0.0
130_R,-0.0
130_T,0.0
131_I,0.0
130_V,0.0
130_W,0.0
130_Y,0.0
131_A,0.0
131_C,0.0
131_D,-0.0
131_E,0.0
131_F,-0.0
131_G,0.0
131_H,0.0
132_T,-0.0
132_W,-0.0
124_P,0.0
132_Y,-0.0
134_K,-0.0
134_L,-0.0
134_M,-0.0
134_N,0.0
134_P,0.0
134_Q,-0.0
134_R,-0.0
134_S,0.0
134_T,-0.0
134_V,0.0
134_W,-0.0
134_Y,0.0
135_A,0.0
135_C,-0.0
135_D,0.0
135_E,0.0
135_F,-0.0
135_G,0.0
135_H,0.0
135_I,0.0
135_K,0.0
135_L,0.0
135_M,0.0
134_I,-0.0
134_H,-0.0
134_G,0.0
133_N,-0.0
133_C,0.0
133_D,-0.0
133_E,-0.0
133_F,0.0
133_G,-0.0
133_H,-0.0
133_I,0.0
133_K,-0.0
133_L,0.0
133_M,0.0
133_P,-0.0
134_F,-0.0
133_Q,-0.0
133_R,0.0
133_S,-0.0
133_T,0.0
133_V,0.0
133_W,0.0
133_Y,0.0
134_C,0.0
134_D,-0.0
134_E,-0.0
130_F,0.0
130_E,-0.0
130_D,-0.0
130_C,0.0
126_C,0.0
126_E,0.0
126_F,0.0
126_G,0.0
126_H,-0.0
126_I,-0.0
126_K,0.0
126_L,-0.0
126_M,0.0
126_N,0.0
126_P,-0.0
126_Q,-0.0
126_R,-0.0
126_S,0.0
126_T,0.0
126_V,0.0
126_W,-0.0
126_Y,0.0
127_A,-0.0
127_C,0.0
127_D,0.0
127_E,0.0
127_F,0.0
126_A,0.0
125_Y,0.0
125_W,-0.0
125_F,0.0
124_Q,0.0
124_R,-0.0
124_S,0.0
124_V,-0.0
124_W,-0.0
124_Y,-0.0
125_A,-0.0
125_C,0.0
125_D,0.0
125_E,0.0
125_G,0.0
125_T,-0.0
125_H,-0.0
125_I,0.0
125_K,0.0
125_L,0.0
125_M,0.0
125_N,0.0
125_P,-0.0
125_Q,0.0
125_R,-0.0
117_G,0.0
127_G,-0.0
127_H,-0.0
127_I,0.0
129_I,0.0
128_V,-0.0
128_W,-0.0
128_Y,0.0
129_A,0.0
129_C,0.0
129_D,0.0
129_E,0.0
129_F,0.0
129_G,-0.0
129_H,-0.0
129_K,0.0
128_S,0.0
129_L,0.0
129_M,0.0
129_N,0.0
129_P,-0.0
129_R,0.0
129_S,0.0
129_T,0.0
129_V,0.0
129_W,0.0
129_Y,-0.0
128_T,0.0
128_R,0.0
127_K,-0.0
128_A,-0.0
127_L,0.0
127_M,0.0
127_N,0.0
127_P,-0.0
127_Q,-0.0
127_R,-0.0
127_S,0.0
127_V,0.0
127_W,-0.0
127_Y,0.0
128_C,0.0
128_Q,0.0
128_D,-0.0
128_E,0.0
128_F,0.0
128_G,-0.0
128_H,0.0
128_I,0.0
128_L,0.0
128_M,0.0
128_N,0.0
128_P,-0.0
117_H,0.0
1_M,0.0
117_F,0.0
101_A,0.0
101_D,-0.0
101_E,0.0
101_F,-0.0
101_G,0.0
101_H,0.0
101_I,0.0
101_K,-0.0
101_L,0.0
101_M,0.0
101_N,0.0
101_P,-0.0
101_Q,0.0
101_R,0.0
101_S,0.0
101_T,0.0
101_V,-0.0
101_W,-0.0
101_Y,-0.0
102_A,0.0
102_C,0.0
102_D,-0.0
102_E,0.0
102_F,-0.0
101_C,0.0
100_Y,-0.0
102_H,0.0
100_W,0.0
99_R,-0.0
99_S,-0.0
99_T,0.0
99_V,-0.0
99_W,-0.0
99_Y,0.0
100_A,-0.0
100_C,-0.0
100_D,-0.0
100_E,-0.0
100_F,0.0
100_G,-0.0
100_H,-0.0
100_K,-0.0
100_L,0.0
100_M,0.0
100_N,0.0
100_P,-0.0
100_Q,-0.0
100_R,-0.0
100_S,-0.0
100_T,0.0
100_V,0.0
102_G,0.0
102_I,-0.0
105_E,0.0
103_R,-0.0
103_T,-0.0
103_W,0.0
103_Y,0.0
104_A,0.0
104_C,0.0
104_D,-0.0
104_E,-0.0
104_F,-0.0
104_G,-0.0
104_H,0.0
104_I,0.0
104_L,0.0
104_M,0.0
104_N,0.0
104_P,-0.0
104_Q,0.0
104_R,0.0
104_S,0.0
104_T,0.0
104_V,0.0
104_W,0.0
104_Y,0.0
105_A,0.0
103_S,0.0
103_Q,-0.0
102_K,0.0
103_P,-0.0
102_L,0.0
102_M,0.0
102_N,0.0
102_P,-0.0
102_Q,0.0
102_R,-0.0
102_S,0.0
102_T,0.0
102_V,-0.0
102_W,-0.0
102_Y,-0.0
103_A,0.0
103_C,0.0
103_D,0.0
103_E,-0.0
103_F,0.0
103_G,-0.0
103_H,0.0
103_I,0.0
103_K,-0.0
103_L,0.0
103_M,0.0
103_N,0.0
99_Q,0.0
99_P,-0.0
99_N,0.0
95_I,-0.0
95_L,-0.0
95_M,-0.0
95_N,0.0
95_P,0.0
95_Q,0.0
95_R,0.0
95_S,0.0
95_T,-0.0
95_V,-0.0
95_W,0.0
95_Y,0.0
96_A,-0.0
96_C,0.0
96_D,-0.0
96_E,-0.0
96_F,0.0
96_G,-0.0
96_H,0.0
96_I,0.0
96_K,-0.0
96_L,0.0
96_P,-0.0
96_Q,-0.0
95_K,0.0
95_G,-0.0
99_M,0.0
95_F,-0.0
93_W,0.0
93_Y,-0.0
94_A,0.0
94_C,0.0
94_E,0.0
94_F,0.0
94_G,-0.0
94_I,0.0
94_K,0.0
94_L,0.0
94_M,-0.0
94_P,-0.0
94_Q,0.0
94_R,0.0
94_S,0.0
94_T,0.0
94_V,0.0
94_W,0.0
94_Y,-0.0
95_A,0.0
95_C,-0.0
95_D,0.0
95_E,0.0
96_R,-0.0
96_S,-0.0
96_T,-0.0
96_V,0.0
98_H,0.0
98_I,-0.0
98_K,0.0
98_L,-0.0
98_M,0.0
98_N,0.0
98_P,-0.0
98_Q,0.0
98_R,0.0
98_S,0.0
98_T,0.0
98_V,-0.0
98_W,-0.0
98_Y,-0.0
99_A,0.0
99_C,-0.0
99_E,0.0
99_F,0.0
99_G,-0.0
99_H,0.0
99_I,-0.0
99_K,-0.0
99_L,0.0
98_G,0.0
98_F,-0.0
98_D,0.0
97_K,-0.0
96_W,0.0
96_Y,-0.0
97_A,0.0
97_C,0.0
97_D,-0.0
97_E,-0.0
97_F,0.0
97_G,-0.0
97_H,-0.0
97_I,0.0
97_L,0.0
98_C,-0.0
97_M,0.0
97_N,-0.0
97_P,-0.0
97_Q,-0.0
97_S,-0.0
97_T,0.0
97_V,0.0
97_W,0.0
97_Y,0.0
98_A,0.0
105_C,0.0
105_F,-0.0
117_E,-0.0
112_M,0.0
112_Q,-0.0
112_R,-0.0
112_S,-0.0
112_T,0.0
112_W,-0.0
112_Y,0.0
113_A,0.0
113_C,0.0
113_D,-0.0
113_E,-0.0
113_G,-0.0
113_H,-0.0
113_I,0.0
113_K,-0.0
113_M,0.0
113_N,-0.0
113_P,-0.0
113_Q,-0.0
113_R,-0.0
113_S,-0.0
113_T,-0.0
113_V,0.0
113_W,0.0
112_P,-0.0
112_K,-0.0
114_A,0.0
112_H,-0.0
110_Y,-0.0
111_A,-0.0
111_C,0.0
111_D,-0.0
111_E,-0.0
111_G,-0.0
111_H,-0.0
111_K,0.0
111_N,-0.0
111_P,-0.0
111_Q,-0.0
111_R,-0.0
111_S,-0.0
111_T,0.0
111_V,0.0
111_W,0.0
111_Y,-0.0
112_A,0.0
112_C,0.0
112_D,-0.0
112_E,-0.0
112_F,0.0
112_G,-0.0
113_Y,0.0
114_D,-0.0
105_G,0.0
115_P,-0.0
115_R,-0.0
115_S,0.0
115_T,-0.0
115_V,0.0
115_W,0.0
115_Y,-0.0
116_A,0.0
116_C,0.0
116_D,-0.0
116_E,-0.0
116_G,0.0
116_H,0.0
116_I,0.0
116_L,0.0
116_M,0.0
116_N,-0.0
116_P,-0.0
116_Q,0.0
116_S,0.0
116_V,0.0
117_A,0.0
117_C,0.0
117_D,-0.0
115_Q,0.0
115_N,-0.0
114_E,-0.0
115_M,0.0
114_F,0.0
114_G,-0.0
114_H,-0.0
114_K,-0.0
114_N,-0.0
114_P,-0.0
114_Q,-0.0
114_R,-0.0
114_S,-0.0
114_T,0.0
114_W,-0.0
114_Y,-0.0
115_A,0.0
115_C,0.0
115_D,-0.0
115_E,-0.0
115_F,0.0
115_G,-0.0
115_H,-0.0
115_I,0.0
115_K,-0.0
135_P,-0.0
115_L,0.0
110_W,-0.0
110_V,0.0
110_T,0.0
106_N,0.0
106_Q,0.0
106_R,0.0
106_T,0.0
106_V,-0.0
106_W,0.0
106_Y,0.0
107_A,0.0
107_C,0.0
107_D,0.0
107_F,-0.0
107_G,0.0
107_H,0.0
107_I,0.0
107_K,0.0
107_L,0.0
107_M,0.0
107_N,-0.0
107_P,-0.0
107_Q,0.0
107_R,-0.0
107_S,0.0
107_T,0.0
107_V,0.0
106_P,-0.0
106_M,0.0
110_S,0.0
106_L,0.0
105_H,0.0
105_I,-0.0
105_K,0.0
105_L,-0.0
105_M,0.0
105_N,0.0
105_P,-0.0
105_Q,0.0
105_R,0.0
105_S,0.0
105_T,-0.0
105_V,-0.0
105_W,-0.0
105_Y,-0.0
106_A,0.0
106_C,0.0
106_D,0.0
106_E,0.0
106_F,-0.0
106_G,0.0
106_H,-0.0
106_I,0.0
106_K,0.0
107_W,-0.0
107_Y,-0.0
108_A,0.0
108_C,0.0
109_M,0.0
109_N,-0.0
109_P,0.0
109_Q,-0.0
109_R,-0.0
109_S,-0.0
109_T,0.0
109_W,0.0
109_Y,0.0
110_A,0.0
110_C,0.0
110_D,-0.0
110_E,-0.0
110_F,-0.0
110_G,-0.0
110_H,0.0
110_I,-0.0
110_K,-0.0
110_L,-0.0
110_M,-0.0
110_N,0.0
110_Q,-0.0
110_R,0.0
109_L,0.0
109_K,-0.0
109_I,0.0
108_Q,0.0
108_E,0.0
108_F,0.0
108_G,0.0
108_H,0.0
108_I,-0.0
108_K,-0.0
108_L,-0.0
108_M,0.0
108_N,0.0
108_P,-0.0
108_R,0.0
109_H,-0.0
108_S,0.0
108_T,0.0
108_V,0.0
108_W,-0.0
108_Y,0.0
109_A,0.0
109_C,0.0
109_E,-0.0
109_F,0.0
109_G,-0.0
135_N,0.0
137_N,-0.0
135_Q,0.0
171_W,-0.0
172_C,0.0
172_D,0.0
172_E,0.0
172_F,0.0
172_G,0.0
172_H,-0.0
172_I,0.0
172_L,0.0
172_M,0.0
172_N,0.0
172_P,0.0
172_Q,0.0
172_R,-0.0
172_S,0.0
172_T,0.0
172_V,0.0
172_W,-0.0
172_Y,0.0
173_A,0.0
173_C,-0.0
173_D,0.0
173_E,0.0
173_F,-0.0
172_A,-0.0
171_S,-0.0
173_H,0.0
171_R,0.0
169_T,0.0
169_V,-0.0
169_W,-0.0
169_Y,0.0
170_A,-0.0
170_C,0.0
170_D,0.0
170_E,0.0
170_F,0.0
170_G,0.0
170_I,-0.0
170_K,0.0
170_L,0.0
170_N,0.0
170_R,0.0
170_S,0.0
170_T,0.0
170_V,0.0
170_W,0.0
170_Y,0.0
171_F,0.0
171_G,0.0
171_L,0.0
173_G,0.0
173_I,-0.0
176_I,-0.0
174_V,0.0
175_A,0.0
175_C,0.0
175_D,0.0
175_F,-0.0
175_G,0.0
175_H,0.0
175_I,-0.0
175_L,0.0
175_M,0.0
175_N,0.0
175_P,0.0
175_R,0.0
175_S,0.0
175_T,0.0
175_V,-0.0
175_W,-0.0
175_Y,0.0
176_A,0.0
176_C,0.0
176_D,0.0
176_E,0.0
176_F,-0.0
176_G,0.0
174_Y,-0.0
174_T,0.0
173_K,-0.0
174_S,0.0
173_L,0.0
173_M,-0.0
173_N,0.0
173_P,-0.0
173_Q,0.0
173_R,-0.0
173_S,0.0
173_T,0.0
173_V,-0.0
173_W,-0.0
173_Y,-0.0
174_A,0.0
174_C,-0.0
174_D,0.0
174_E,0.0
174_F,-0.0
174_G,0.0
174_H,-0.0
174_I,0.0
174_L,0.0
174_N,-0.0
174_P,0.0
174_R,0.0
169_S,0.0
169_R,0.0
169_Q,0.0
165_H,-0.0
165_K,0.0
165_L,0.0
165_M,-0.0
165_N,0.0
165_P,-0.0
165_Q,-0.0
165_R,0.0
165_S,0.0
165_T,0.0
165_V,-0.0
165_W,-0.0
165_Y,-0.0
166_A,-0.0
166_C,0.0
166_D,-0.0
166_E,-0.0
166_F,0.0
166_G,-0.0
166_I,-0.0
166_K,0.0
166_L,0.0
166_M,0.0
166_N,0.0
165_I,0.0
165_G,0.0
169_P,-0.0
165_F,0.0
164_A,0.0
164_C,-0.0
164_D,0.0
164_E,0.0
164_F,-0.0
164_G,0.0
164_H,0.0
164_I,0.0
164_K,0.0
164_L,0.0
164_M,0.0
164_N,0.0
164_P,-0.0
164_Q,0.0
164_S,0.0
164_T,0.0
164_V,0.0
164_W,-0.0
164_Y,-0.0
165_A,0.0
165_C,-0.0
165_D,0.0
165_E,0.0
166_P,-0.0
166_Q,0.0
166_R,0.0
166_S,0.0
168_F,0.0
168_G,0.0
168_H,0.0
168_I,0.0
168_L,0.0
168_M,0.0
168_N,0.0
168_P,0.0
168_R,0.0
168_S,0.0
168_V,-0.0
168_Y,-0.0
169_A,0.0
169_C,0.0
169_D,0.0
169_E,0.0
169_F,-0.0
169_G,0.0
169_H,-0.0
169_I,0.0
169_L,0.0
169_M,0.0
169_N,0.0
168_D,0.0
168_C,0.0
168_A,0.0
167_H,0.0
166_T,0.0
166_V,0.0
166_W,0.0
166_Y,0.0
167_A,0.0
167_C,-0.0
167_D,0.0
167_E,0.0
167_F,-0.0
167_G,-0.0
167_I,-0.0
167_Y,-0.0
167_L,-0.0
167_M,-0.0
167_N,0.0
167_P,-0.0
167_Q,0.0
167_R,0.0
167_S,0.0
167_T,0.0
167_V,-0.0
167_W,-0.0
176_H,-0.0
176_L,0.0
135_S,0.0
184_Q,0.0
184_S,0.0
184_T,-0.0
184_V,-0.0
184_Y,-0.0
185_A,0.0
185_D,0.0
185_F,-0.0
185_G,0.0
185_H,0.0
185_I,-0.0
185_K,0.0
185_L,0.0
185_M,0.0
185_N,0.0
185_P,0.0
185_Q,0.0
185_R,0.0
185_S,0.0
185_T,0.0
185_V,-0.0
185_W,-0.0
185_Y,-0.0
186_A,0.0
184_R,0.0
184_P,0.0
186_D,0.0
184_N,0.0
183_F,-0.0
183_G,0.0
183_H,0.0
183_I,-0.0
183_K,0.0
183_L,-0.0
183_M,0.0
183_N,0.0
183_P,0.0
183_Q,0.0
183_R,0.0
183_S,0.0
183_T,-0.0
183_V,-0.0
183_W,-0.0
183_Y,-0.0
184_A,0.0
184_C,-0.0
184_D,0.0
184_E,0.0
184_F,-0.0
184_G,0.0
184_M,-0.0
186_C,-0.0
186_E,0.0
176_M,-0.0
187_Q,-0.0
187_S,0.0
187_T,0.0
187_V,-0.0
187_W,-0.0
187_Y,-0.0
188_A,0.0
188_C,-0.0
188_D,0.0
188_E,0.0
188_F,-0.0
188_G,0.0
188_H,0.0
188_I,-0.0
188_K,0.0
188_L,-0.0
188_N,0.0
188_P,0.0
188_Q,0.0
188_R,0.0
188_S,0.0
188_T,0.0
188_V,-0.0
188_W,-0.0
187_R,0.0
187_P,0.0
186_F,-0.0
187_N,0.0
186_G,0.0
186_H,0.0
186_I,-0.0
186_K,-0.0
186_L,-0.0
186_M,-0.0
186_N,0.0
186_P,0.0
186_R,-0.0
186_S,0.0
186_T,0.0
186_W,-0.0
186_Y,-0.0
187_A,0.0
187_C,0.0
187_D,0.0
187_E,0.0
187_F,-0.0
187_G,0.0
187_H,0.0
187_K,0.0
187_L,-0.0
187_M,0.0
183_D,0.0
183_C,-0.0
183_A,0.0
177_V,-0.0
177_Y,-0.0
178_A,0.0
178_C,0.0
178_D,0.0
178_E,0.0
178_F,-0.0
178_G,0.0
178_H,0.0
178_I,0.0
178_L,0.0
178_M,-0.0
178_N,0.0
178_P,0.0
178_Q,0.0
178_R,-0.0
178_S,0.0
178_T,0.0
178_V,0.0
178_W,-0.0
178_Y,-0.0
179_E,0.0
179_K,-0.0
179_L,0.0
177_W,-0.0
177_T,0.0
182_Y,-0.0
177_S,0.0
176_N,-0.0
176_P,0.0
176_Q,0.0
176_R,0.0
176_S,0.0
176_T,0.0
176_V,-0.0
176_W,-0.0
176_Y,0.0
177_A,0.0
177_C,0.0
177_D,0.0
177_E,0.0
177_F,-0.0
177_G,0.0
177_H,0.0
177_I,-0.0
177_L,-0.0
177_M,0.0
177_N,0.0
177_P,0.0
177_Q,0.0
177_R,-0.0
179_M,0.0
179_N,0.0
179_R,0.0
180_A,0.0
181_R,0.0
181_S,-0.0
181_T,0.0
181_V,0.0
181_W,-0.0
181_Y,-0.0
182_A,0.0
182_C,-0.0
182_D,0.0
182_E,0.0
182_F,-0.0
182_G,0.0
182_H,0.0
182_I,-0.0
182_L,-0.0
182_M,-0.0
182_N,-0.0
182_P,0.0
182_Q,0.0
182_R,0.0
182_S,0.0
182_V,0.0
182_W,-0.0
181_Q,0.0
181_P,-0.0
181_M,0.0
180_S,0.0
180_C,0.0
180_D,0.0
180_E,0.0
180_G,0.0
180_I,-0.0
180_L,0.0
180_M,0.0
180_N,0.0
180_Q,0.0
180_R,0.0
180_T,0.0
181_L,0.0
180_V,0.0
180_W,-0.0
181_A,0.0
181_C,0.0
181_D,0.0
181_E,0.0
181_F,-0.0
181_G,0.0
181_H,-0.0
181_K,0.0
163_Y,-0.0
163_W,-0.0
163_V,0.0
144_P,-0.0
144_S,0.0
144_T,0.0
144_V,0.0
144_Y,-0.0
145_A,0.0
145_C,0.0
145_D,0.0
145_E,0.0
145_F,-0.0
145_G,0.0
145_H,0.0
145_I,0.0
145_L,-0.0
145_M,0.0
145_N,0.0
145_P,-0.0
145_R,0.0
145_S,0.0
145_T,0.0
145_V,0.0
145_W,0.0
145_Y,0.0
146_G,0.0
144_R,-0.0
144_M,0.0
146_S,0.0
144_H,-0.0
142_H,0.0
142_I,0.0
142_K,-0.0
142_L,0.0
142_M,-0.0
142_N,-0.0
142_P,-0.0
142_R,-0.0
142_S,-0.0
142_T,0.0
142_V,0.0
142_Y,0.0
143_A,0.0
143_D,0.0
143_E,-0.0
143_G,0.0
143_I,-0.0
143_R,-0.0
143_V,0.0
144_A,-0.0
144_E,-0.0
144_F,-0.0
144_G,-0.0
146_L,-0.0
146_V,0.0
163_T,0.0
149_W,0.0
150_A,0.0
150_E,0.0
150_F,0.0
150_G,0.0
150_H,-0.0
150_K,-0.0
150_L,0.0
150_M,0.0
150_P,0.0
150_Q,-0.0
150_R,0.0
150_S,0.0
150_T,0.0
150_V,0.0
150_W,0.0
151_A,0.0
151_C,-0.0
151_D,0.0
151_E,0.0
151_F,0.0
151_H,0.0
151_I,0.0
151_K,-0.0
149_Y,0.0
149_V,0.0
146_Y,-0.0
149_T,0.0
147_E,0.0
147_K,-0.0
147_M,0.0
147_N,-0.0
147_R,0.0
147_W,-0.0
148_A,0.0
148_G,0.0
148_M,0.0
148_T,-0.0
149_A,0.0
149_C,0.0
149_D,0.0
149_E,0.0
149_F,0.0
149_G,0.0
149_K,0.0
149_L,0.0
149_M,0.0
149_N,0.0
149_P,0.0
149_Q,0.0
149_S,0.0
142_G,-0.0
142_F,0.0
142_D,-0.0
137_D,-0.0
137_F,0.0
137_G,0.0
137_H,0.0
137_I,0.0
137_L,0.0
137_M,0.0
93_T,0.0
137_P,-0.0
137_Q,0.0
137_R,-0.0
137_S,0.0
137_T,-0.0
137_V,0.0
137_W,0.0
137_Y,-0.0
138_A,0.0
138_C,-0.0
138_D,0.0
138_E,0.0
138_F,-0.0
138_H,0.0
138_I,-0.0
138_K,0.0
137_E,0.0
137_C,0.0
142_C,0.0
137_A,0.0
135_T,0.0
135_V,0.0
135_W,-0.0
135_Y,-0.0
136_A,0.0
136_C,-0.0
136_D,0.0
136_E,0.0
136_F,-0.0
136_G,0.0
136_H,0.0
136_I,-0.0
136_K,0.0
136_L,0.0
136_M,0.0
136_N,0.0
136_P,-0.0
136_Q,0.0
136_R,0.0
136_T,0.0
136_V,-0.0
136_W,-0.0
136_Y,-0.0
138_L,0.0
138_M,-0.0
138_N,0.0
138_Q,0.0
140_G,-0.0
140_H,-0.0
140_L,-0.0
140_P,0.0
140_R,-0.0
140_S,0.0
140_T,-0.0
141_A,-0.0
141_C,-0.0
141_D,-0.0
141_F,0.0
141_G,-0.0
141_H,-0.0
141_I,0.0
141_L,0.0
141_N,0.0
141_R,-0.0
141_S,-0.0
141_T,-0.0
141_V,0.0
141_W,-0.0
141_Y,0.0
142_A,0.0
140_F,-0.0
139_Y,-0.0
139_W,-0.0
139_F,-0.0
138_R,0.0
138_S,0.0
138_T,0.0
138_V,-0.0
138_W,-0.0
138_Y,-0.0
139_A,0.0
139_C,0.0
139_D,-0.0
139_E,-0.0
139_G,-0.0
139_V,0.0
139_H,0.0
139_K,-0.0
139_L,0.0
139_M,0.0
139_N,-0.0
139_P,-0.0
139_Q,-0.0
139_R,-0.0
139_S,-0.0
139_T,0.0
151_L,0.0
151_N,0.0
151_P,0.0
158_S,0.0
158_V,0.0
158_W,-0.0
158_Y,0.0
159_C,0.0
159_D,-0.0
159_E,-0.0
159_F,-0.0
159_G,-0.0
159_H,-0.0
159_K,-0.0
159_N,-0.0
159_P,-0.0
159_Q,-0.0
159_R,-0.0
159_S,-0.0
159_T,0.0
159_V,0.0
159_W,-0.0
159_Y,-0.0
160_A,0.0
160_C,0.0
160_D,-0.0
160_E,-0.0
158_T,-0.0
158_R,0.0
157_I,0.0
158_Q,0.0
157_L,0.0
157_M,0.0
157_N,-0.0
157_P,-0.0
157_Q,0.0
157_R,0.0
157_S,0.0
157_T,0.0
157_V,0.0
157_W,-0.0
158_A,0.0
158_C,0.0
158_D,0.0
158_E,0.0
158_F,0.0
158_G,-0.0
158_H,0.0
158_I,-0.0
158_K,-0.0
158_L,0.0
158_M,0.0
158_N,-0.0
158_P,-0.0
160_F,0.0
160_G,-0.0
160_H,0.0
160_I,0.0
162_G,-0.0
162_H,-0.0
162_I,-0.0
162_K,0.0
162_L,0.0
162_M,0.0
162_N,0.0
162_Q,0.0
162_R,-0.0
162_S,0.0
162_T,0.0
162_V,-0.0
162_W,-0.0
162_Y,-0.0
163_A,-0.0
163_C,0.0
163_D,-0.0
163_F,-0.0
163_G,-0.0
163_M,0.0
163_N,-0.0
163_R,-0.0
163_S,-0.0
162_F,-0.0
162_D,-0.0
162_C,-0.0
161_G,0.0
160_K,-0.0
160_L,0.0
160_M,0.0
160_N,-0.0
160_Q,-0.0
160_R,-0.0
160_S,-0.0
160_T,0.0
160_W,0.0
160_Y,0.0
161_H,0.0
162_A,0.0
161_I,-0.0
161_L,-0.0
161_M,0.0
161_Q,0.0
161_R,0.0
161_S,0.0
161_T,0.0
161_V,-0.0
161_W,-0.0
161_Y,0.0
157_K,0.0
157_H,0.0
151_Q,0.0
153_C,0.0
153_F,0.0
153_G,-0.0
153_H,0.0
153_I,0.0
153_K,0.0
153_L,0.0
153_M,0.0
153_N,-0.0
153_P,-0.0
153_Q,0.0
153_R,0.0
153_S,-0.0
153_T,0.0
153_V,0.0
153_W,-0.0
153_Y,0.0
154_A,0.0
154_C,-0.0
154_E,0.0
154_F,-0.0
154_G,-0.0
154_H,0.0
154_I,-0.0
153_E,0.0
153_A,0.0
157_G,0.0
152_Y,0.0
151_R,0.0
151_S,0.0
151_T,0.0
151_V,0.0
151_Y,0.0
152_A,0.0
152_C,0.0
152_D,-0.0
152_E,-0.0
152_F,0.0
152_G,-0.0
152_H,-0.0
152_I,0.0
152_K,-0.0
152_L,0.0
152_M,0.0
152_N,-0.0
152_P,-0.0
152_Q,-0.0
152_R,-0.0
152_S,-0.0
152_T,0.0
152_W,0.0
154_K,0.0
154_L,0.0
154_M,0.0
154_N,0.0
156_A,0.0
156_C,0.0
156_D,-0.0
156_E,-0.0
156_G,-0.0
156_H,-0.0
156_I,0.0
156_L,0.0
156_M,0.0
156_N,-0.0
156_P,-0.0
156_Q,-0.0
156_R,-0.0
156_S,-0.0
156_T,0.0
156_V,0.0
156_W,0.0
156_Y,0.0
157_A,0.0
157_C,0.0
157_D,-0.0
157_E,0.0
157_F,-0.0
155_Y,-0.0
155_W,-0.0
155_T,0.0
155_E,-0.0
154_P,-0.0
154_Q,0.0
154_R,0.0
154_S,0.0
154_T,0.0
154_V,0.0
154_W,-0.0
154_Y,-0.0
155_C,0.0
155_D,-0.0
155_F,-0.0
155_S,0.0
155_G,0.0
155_H,-0.0
155_I,0.0
155_K,-0.0
155_L,0.0
155_M,0.0
155_N,-0.0
155_P,0.0
155_Q,-0.0
155_R,-0.0
93_V,0.0
92_A,0.0
93_S,-0.0
33_T,-0.0
33_H,0.0
33_I,-0.0
33_K,-0.0
33_L,-0.0
33_M,-0.0
33_N,0.0
33_P,-0.0
33_Q,-0.0
33_R,-0.0
33_S,-0.0
33_V,0.0
33_F,0.0
33_Y,0.0
34_C,-0.0
34_D,0.0
34_E,0.0
34_F,0.0
34_G,-0.0
34_H,-0.0
34_I,-0.0
34_K,-0.0
34_L,-0.0
33_G,-0.0
33_C,-0.0
31_Q,0.0
32_G,-0.0
31_S,-0.0
31_T,0.0
31_V,0.0
31_W,0.0
31_Y,0.0
32_A,0.0
32_C,0.0
32_D,-0.0
32_E,-0.0
32_F,-0.0
32_I,0.0
33_A,-0.0
32_K,-0.0
32_L,0.0
32_M,-0.0
32_N,-0.0
32_P,-0.0
32_Q,-0.0
32_R,-0.0
32_S,0.0
32_T,0.0
32_V,-0.0
34_M,0.0
34_N,-0.0
34_Q,-0.0
36_V,0.0
36_G,-0.0
36_H,-0.0
36_K,-0.0
36_L,0.0
36_M,0.0
36_N,-0.0
36_P,-0.0
36_Q,-0.0
36_S,-0.0
36_T,-0.0
36_W,-0.0
34_S,0.0
36_Y,-0.0
37_A,0.0
37_C,-0.0
37_D,0.0
37_F,-0.0
37_I,-0.0
37_K,0.0
37_L,-0.0
37_M,-0.0
37_N,-0.0
36_F,0.0
36_E,-0.0
36_D,-0.0
35_Y,-0.0
34_T,0.0
34_V,-0.0
34_W,-0.0
34_Y,0.0
35_A,-0.0
35_C,-0.0
35_D,-0.0
35_E,-0.0
35_F,0.0
35_G,-0.0
35_H,-0.0
35_I,-0.0
35_K,0.0
35_L,-0.0
35_M,0.0
35_N,-0.0
35_P,-0.0
35_Q,-0.0
35_R,0.0
35_V,0.0
35_W,-0.0
31_R,-0.0
31_P,-0.0
26_C,0.0
28_G,-0.0
27_Q,0.0
27_R,-0.0
27_S,0.0
27_T,0.0
27_V,0.0
27_W,-0.0
27_Y,0.0
28_A,-0.0
28_C,-0.0
28_E,-0.0
28_H,0.0
27_M,0.0
28_I,0.0
28_K,-0.0
28_L,0.0
28_M,0.0
28_N,-0.0
28_P,-0.0
28_Q,-0.0
28_R,-0.0
28_S,0.0
28_T,-0.0
27_N,-0.0
27_L,0.0
31_N,0.0
26_R,0.0
26_E,0.0
26_F,-0.0
26_G,0.0
26_H,0.0
26_I,-0.0
26_K,0.0
26_L,-0.0
26_M,-0.0
26_P,-0.0
26_Q,0.0
26_S,0.0
27_K,-0.0
26_T,0.0
26_W,-0.0
26_Y,0.0
27_A,0.0
27_C,0.0
27_D,0.0
27_E,0.0
27_F,0.0
27_G,0.0
27_I,-0.0
28_V,0.0
29_A,0.0
29_C,0.0
30_Y,-0.0
30_L,-0.0
30_M,-0.0
30_N,0.0
30_P,0.0
30_Q,0.0
30_R,0.0
30_S,0.0
30_T,0.0
30_V,-0.0
30_W,-0.0
31_A,0.0
29_D,0.0
31_C,0.0
31_D,-0.0
31_E,0.0
31_F,0.0
31_G,-0.0
31_H,0.0
31_I,-0.0
31_K,-0.0
31_L,0.0
31_M,0.0
30_K,0.0
30_I,-0.0
30_H,0.0
30_G,-0.0
29_E,0.0
29_F,-0.0
29_G,-0.0
29_H,-0.0
29_I,0.0
29_K,-0.0
29_L,0.0
29_M,0.0
29_N,0.0
29_P,0.0
29_Q,0.0
29_R,-0.0
29_S,0.0
29_T,0.0
29_W,-0.0
29_Y,-0.0
30_A,0.0
30_C,-0.0
30_D,0.0
30_E,0.0
30_F,-0.0
37_P,-0.0
37_Q,0.0
37_R,-0.0
45_R,0.0
45_F,-0.0
45_G,0.0
45_H,0.0
45_I,0.0
45_K,0.0
45_L,0.0
45_M,0.0
45_N,0.0
45_P,-0.0
45_Q,0.0
45_S,0.0
45_D,0.0
45_T,0.0
45_W,-0.0
45_Y,-0.0
46_A,0.0
46_C,-0.0
46_D,0.0
46_E,-0.0
46_F,-0.0
46_G,0.0
46_H,0.0
45_E,0.0
45_C,0.0
37_S,-0.0
44_I,0.0
43_V,-0.0
43_W,-0.0
43_Y,-0.0
44_A,0.0
44_C,0.0
44_D,0.0
44_E,0.0
44_F,-0.0
44_G,0.0
44_H,0.0
44_K,0.0
45_A,0.0
44_L,-0.0
44_M,-0.0
44_N,-0.0
44_P,-0.0
44_Q,0.0
44_R,0.0
44_S,0.0
44_T,0.0
44_W,-0.0
44_Y,-0.0
46_K,0.0
46_L,0.0
46_M,-0.0
48_N,0.0
47_Y,-0.0
48_A,0.0
48_D,0.0
48_E,0.0
48_F,-0.0
48_H,0.0
48_I,-0.0
48_K,0.0
48_L,-0.0
48_M,-0.0
48_P,-0.0
46_N,-0.0
48_Q,0.0
48_R,0.0
48_S,0.0
48_T,0.0
48_V,-0.0
48_W,-0.0
48_Y,-0.0
49_A,0.0
49_C,-0.0
49_D,0.0
47_W,-0.0
47_V,-0.0
47_T,0.0
47_S,0.0
46_P,-0.0
46_Q,0.0
46_R,0.0
46_S,-0.0
46_T,0.0
46_V,0.0
93_R,-0.0
46_Y,-0.0
47_A,0.0
47_C,-0.0
47_E,0.0
47_F,-0.0
47_G,0.0
47_H,0.0
47_K,0.0
47_L,-0.0
47_M,-0.0
47_N,0.0
47_P,0.0
47_Q,0.0
47_R,0.0
43_T,0.0
43_S,0.0
43_R,0.0
40_K,-0.0
39_N,0.0
39_Q,-0.0
39_R,0.0
39_T,0.0
39_V,0.0
40_C,-0.0
40_D,-0.0
40_E,-0.0
40_G,-0.0
40_I,-0.0
40_L,0.0
41_D,0.0
40_M,0.0
40_N,-0.0
40_P,-0.0
40_Q,-0.0
40_R,0.0
40_S,-0.0
40_T,-0.0
40_V,0.0
40_W,0.0
41_A,0.0
39_M,0.0
39_L,0.0
39_K,-0.0
39_I,-0.0
37_T,-0.0
37_V,0.0
37_W,-0.0
37_Y,-0.0
38_A,0.0
38_E,0.0
38_G,0.0
38_H,-0.0
38_I,-0.0
38_K,-0.0
38_L,-0.0
38_N,0.0
38_P,-0.0
38_Q,0.0
38_R,-0.0
38_S,0.0
38_T,-0.0
38_V,0.0
38_Y,0.0
39_D,0.0
39_E,-0.0
41_C,-0.0
41_E,-0.0
43_Q,-0.0
43_C,-0.0
42_N,0.0
42_P,-0.0
42_Q,0.0
42_R,0.0
42_S,0.0
42_T,0.0
42_V,-0.0
42_W,-0.0
42_Y,-0.0
43_A,0.0
43_D,0.0
41_F,0.0
43_E,0.0
43_F,-0.0
43_G,0.0
43_H,0.0
43_I,-0.0
43_K,0.0
43_L,-0.0
43_M,-0.0
43_N,0.0
43_P,0.0
42_M,0.0
42_L,0.0
42_K,0.0
42_I,-0.0
41_G,0.0
41_H,0.0
41_I,-0.0
41_K,0.0
41_L,-0.0
41_M,0.0
41_N,0.0
41_P,0.0
41_Q,0.0
41_S,0.0
41_T,0.0
41_V,-0.0
41_W,-0.0
41_Y,-0.0
42_A,-0.0
42_C,-0.0
42_D,0.0
42_E,0.0
42_F,-0.0
42_G,-0.0
42_H,0.0
26_D,0.0
26_A,0.0
49_G,0.0
10_E,-0.0
9_P,-0.0
9_Q,-0.0
9_R,-0.0
9_S,0.0
9_T,-0.0
9_W,-0.0
9_Y,-0.0
10_A,0.0
10_C,0.0
10_D,-0.0
10_F,-0.0
9_M,0.0
10_H,-0.0
10_I,-0.0
10_K,-0.0
10_L,-0.0
10_M,-0.0
10_N,0.0
10_P,-0.0
10_Q,0.0
10_R,0.0
10_S,0.0
9_N,0.0
9_L,0.0
8_C,0.0
8_R,-0.0
8_E,-0.0
8_F,-0.0
8_G,-0.0
8_H,-0.0
8_I,0.0
8_K,-0.0
8_M,0.0
8_N,-0.0
8_P,-0.0
8_Q,-0.0
8_S,0.0
9_I,0.0
8_T,0.0
8_W,-0.0
8_Y,-0.0
9_A,0.0
9_C,0.0
9_D,-0.0
9_E,-0.0
9_F,-0.0
9_G,0.0
9_H,-0.0
10_T,0.0
10_V,-0.0
10_W,-0.0
12_Y,0.0
12_K,-0.0
12_L,-0.0
12_M,0.0
12_N,-0.0
12_P,0.0
12_Q,0.0
12_R,-0.0
12_S,0.0
12_T,0.0
12_W,-0.0
13_A,0.0
10_Y,0.0
13_C,0.0
13_D,0.0
13_E,0.0
13_F,0.0
13_G,-0.0
13_H,0.0
13_I,0.0
13_K,-0.0
13_L,-0.0
13_M,-0.0
12_I,-0.0
12_H,-0.0
12_F,-0.0
12_E,0.0
11_C,-0.0
11_D,-0.0
11_E,-0.0
11_F,0.0
11_G,-0.0
11_H,-0.0
11_I,0.0
11_K,-0.0
11_L,0.0
11_M,0.0
11_N,-0.0
11_P,-0.0
11_Q,-0.0
11_R,-0.0
11_S,-0.0
11_T,-0.0
11_V,0.0
11_W,-0.0
11_Y,-0.0
12_A,0.0
12_C,-0.0
8_D,-0.0
8_A,0.0
25_Y,-0.0
3_Y,-0.0
3_L,-0.0
3_M,0.0
3_N,0.0
3_P,0.0
3_Q,0.0
3_R,0.0
3_S,0.0
3_T,-0.0
3_V,-0.0
3_W,-0.0
4_A,-0.0
3_I,-0.0
4_C,-0.0
4_D,-0.0
4_E,0.0
4_F,0.0
4_G,-0.0
4_H,0.0
4_I,-0.0
4_K,0.0
4_L,0.0
4_M,0.0
3_K,0.0
3_H,0.0
7_Y,-0.0
2_N,0.0
2_C,0.0
2_D,0.0
2_E,0.0
2_F,-0.0
2_G,0.0
2_H,-0.0
2_I,-0.0
2_K,0.0
2_L,-0.0
2_M,-0.0
2_P,0.0
3_G,0.0
2_Q,0.0
2_R,0.0
2_S,0.0
2_V,-0.0
2_W,-0.0
2_Y,-0.0
3_A,0.0
3_C,-0.0
3_D,0.0
3_F,-0.0
4_N,0.0
4_P,0.0
4_Q,0.0
7_H,0.0
6_Q,-0.0
6_S,-0.0
6_T,0.0
6_W,-0.0
6_Y,0.0
7_A,0.0
7_C,0.0
7_D,-0.0
7_E,0.0
7_F,0.0
7_I,0.0
4_R,-0.0
7_K,0.0
7_L,-0.0
7_M,0.0
7_N,0.0
7_P,-0.0
7_Q,-0.0
7_R,0.0
7_S,-0.0
7_T,0.0
7_W,0.0
6_P,0.0
6_N,-0.0
6_M,0.0
6_K,-0.0
4_S,-0.0
4_T,0.0
4_V,0.0
4_W,-0.0
4_Y,-0.0
5_A,0.0
5_C,-0.0
5_D,0.0
5_E,0.0
5_G,0.0
5_H,0.0
5_M,-0.0
5_P,0.0
5_Q,0.0
5_S,0.0
5_T,-0.0
6_A,0.0
6_C,0.0
6_D,-0.0
6_E,-0.0
6_G,-0.0
13_N,-0.0
13_P,0.0
13_Q,0.0
22_E,0.0
21_Q,0.0
21_R,-0.0
21_S,0.0
21_T,0.0
21_V,-0.0
21_W,-0.0
21_Y,-0.0
22_A,0.0
22_C,-0.0
22_D,0.0
22_F,-0.0
21_M,0.0
22_G,0.0
22_H,0.0
22_K,0.0
22_N,0.0
22_R,0.0
22_S,0.0
22_T,0.0
22_W,0.0
22_Y,-0.0
23_A,0.0
21_N,0.0
21_L,0.0
13_R,-0.0
20_I,0.0
19_N,0.0
19_Q,0.0
19_S,0.0
19_T,0.0
19_V,0.0
19_Y,-0.0
20_A,0.0
20_C,0.0
20_D,0.0
20_G,0.0
20_L,0.0
21_K,-0.0
20_M,0.0
20_Q,-0.0
20_V,0.0
21_A,0.0
21_C,0.0
21_D,-0.0
21_E,0.0
21_F,-0.0
21_G,0.0
21_H,0.0
23_C,-0.0
23_D,-0.0
23_E,0.0
25_G,0.0
24_Q,0.0
24_R,-0.0
24_S,-0.0
24_T,0.0
24_V,0.0
24_Y,-0.0
25_A,0.0
25_C,0.0
25_D,0.0
25_E,0.0
25_H,-0.0
23_F,-0.0
25_I,-0.0
25_K,-0.0
25_L,0.0
25_M,-0.0
25_N,0.0
25_P,-0.0
25_R,-0.0
25_S,0.0
25_T,0.0
25_V,-0.0
24_P,-0.0
24_N,0.0
24_M,0.0
24_L,0.0
23_G,-0.0
23_H,0.0
23_I,-0.0
23_K,0.0
23_M,0.0
23_N,0.0
23_Q,0.0
23_R,-0.0
23_S,0.0
23_T,0.0
23_V,-0.0
23_W,0.0
23_Y,-0.0
24_C,-0.0
24_D,0.0
24_E,0.0
24_F,0.0
24_G,0.0
24_H,0.0
24_I,0.0
24_K,-0.0
19_M,0.0
19_K,0.0
19_I,-0.0
15_R,-0.0
15_E,-0.0
15_F,-0.0
15_H,-0.0
15_I,-0.0
15_K,0.0
15_L,-0.0
15_M,-0.0
15_N,0.0
15_P,0.0
15_Q,0.0
15_S,0.0
16_L,-0.0
15_T,-0.0
15_V,-0.0
15_W,0.0
15_Y,0.0
16_A,0.0
16_C,0.0
16_D,-0.0
16_F,-0.0
16_G,0.0
16_H,-0.0
15_D,-0.0
15_C,-0.0
15_A,-0.0
14_Y,-0.0
13_S,0.0
13_T,-0.0
13_V,-0.0
13_W,-0.0
13_Y,-0.0
14_A,0.0
14_C,-0.0
14_D,-0.0
14_E,-0.0
14_F,-0.0
14_G,0.0
14_H,-0.0
14_I,0.0
14_K,-0.0
14_L,0.0
14_M,-0.0
14_N,-0.0
14_P,0.0
14_Q,-0.0
14_R,-0.0
14_T,0.0
16_I,-0.0
16_M,0.0
19_H,0.0
18_Q,0.0
18_C,0.0
18_D,0.0
18_E,-0.0
18_G,0.0
18_H,0.0
18_I,-0.0
18_K,0.0
18_M,0.0
18_N,0.0
18_P,-0.0
18_R,-0.0
16_N,0.0
18_S,0.0
18_T,0.0
18_V,0.0
18_W,-0.0
19_A,0.0
19_C,-0.0
19_D,-0.0
19_E,0.0
19_F,0.0
19_G,0.0
17_Y,-0.0
17_W,-0.0
17_V,-0.0
17_R,0.0
16_P,-0.0
16_Q,-0.0
16_R,-0.0
16_S,0.0
16_T,0.0
16_V,-0.0
16_W,-0.0
16_Y,-0.0
17_A,0.0
17_C,0.0
17_D,-0.0
17_E,-0.0
17_F,-0.0
17_G,0.0
17_H,-0.0
17_I,0.0
17_K,-0.0
17_L,0.0
17_M,-0.0
17_P,-0.0
17_Q,-0.0
49_F,-0.0
46_W,-0.0
49_H,0.0
76_S,-0.0
76_F,0.0
76_G,-0.0
76_H,0.0
76_I,0.0
76_K,-0.0
76_L,0.0
76_M,0.0
76_N,-0.0
76_Q,0.0
76_R,-0.0
76_T,0.0
77_L,0.0
76_V,0.0
76_W,0.0
76_Y,0.0
77_A,0.0
77_C,0.0
77_D,-0.0
77_E,-0.0
77_F,0.0
77_H,-0.0
77_I,0.0
76_D,0.0
76_C,0.0
76_A,0.0
75_Y,0.0
74_Q,0.0
74_R,-0.0
74_S,0.0
74_V,0.0
74_W,0.0
74_Y,0.0
75_A,0.0
75_C,0.0
75_E,-0.0
75_F,0.0
75_H,0.0
75_I,-0.0
75_M,-0.0
75_N,0.0
75_P,-0.0
75_Q,-0.0
75_R,-0.0
75_S,0.0
75_T,0.0
75_V,0.0
75_W,0.0
77_K,-0.0
77_M,0.0
74_N,0.0
79_Q,-0.0
79_C,0.0
79_D,-0.0
79_E,-0.0
79_F,0.0
79_G,-0.0
79_H,-0.0
79_K,-0.0
79_M,0.0
79_N,-0.0
79_P,0.0
79_R,-0.0
77_N,-0.0
79_S,-0.0
79_T,-0.0
79_W,-0.0
79_Y,-0.0
80_A,0.0
80_D,-0.0
80_E,-0.0
80_G,-0.0
80_H,0.0
80_I,0.0
79_A,0.0
78_V,0.0
78_T,-0.0
78_S,0.0
77_P,-0.0
77_Q,-0.0
77_R,-0.0
77_S,0.0
77_T,-0.0
77_V,0.0
77_W,-0.0
77_Y,0.0
78_A,-0.0
78_C,0.0
78_D,-0.0
78_E,-0.0
78_G,-0.0
78_H,-0.0
78_I,0.0
78_L,0.0
78_M,0.0
78_N,-0.0
78_P,-0.0
78_Q,-0.0
78_R,-0.0
74_P,-0.0
74_M,0.0
80_M,0.0
71_A,0.0
70_M,0.0
70_N,0.0
70_P,-0.0
70_Q,-0.0
70_R,-0.0
70_S,0.0
70_T,0.0
70_V,-0.0
70_W,0.0
70_Y,0.0
71_C,0.0
71_R,-0.0
71_D,-0.0
71_E,-0.0
71_G,0.0
71_H,-0.0
49_I,-0.0
71_K,-0.0
71_L,-0.0
71_M,-0.0
71_N,-0.0
71_P,0.0
70_L,-0.0
70_K,0.0
70_I,-0.0
70_H,0.0
69_G,0.0
69_H,0.0
69_I,-0.0
69_K,-0.0
69_L,-0.0
69_M,-0.0
69_N,0.0
69_P,0.0
69_Q,0.0
69_R,-0.0
69_S,0.0
69_T,0.0
69_V,-0.0
69_W,-0.0
69_Y,-0.0
70_A,0.0
70_C,0.0
70_D,0.0
70_E,0.0
70_F,-0.0
70_G,-0.0
71_Q,-0.0
71_S,0.0
74_L,0.0
73_V,-0.0
73_H,0.0
73_I,-0.0
73_K,0.0
73_L,0.0
73_M,0.0
73_N,0.0
73_P,-0.0
73_Q,0.0
73_S,0.0
73_T,0.0
73_W,-0.0
71_T,0.0
73_Y,0.0
74_A,0.0
74_C,0.0
74_D,0.0
74_E,0.0
74_F,-0.0
74_G,0.0
74_H,0.0
74_I,0.0
74_K,-0.0
73_G,-0.0
73_F,-0.0
73_E,-0.0
73_D,-0.0
71_V,-0.0
71_W,0.0
72_A,0.0
72_C,0.0
72_D,-0.0
72_E,-0.0
72_F,0.0
72_H,-0.0
72_K,-0.0
72_L,0.0
72_N,-0.0
72_P,-0.0
72_Q,0.0
72_R,-0.0
72_S,0.0
72_T,0.0
72_V,0.0
72_W,-0.0
72_Y,-0.0
73_A,0.0
73_C,0.0
80_L,0.0
80_N,-0.0
69_E,0.0
89_P,-0.0
88_V,-0.0
88_W,0.0
88_Y,-0.0
89_A,0.0
89_C,0.0
89_G,0.0
89_H,-0.0
89_I,-0.0
89_L,-0.0
89_M,-0.0
89_Q,0.0
90_I,0.0
89_R,-0.0
89_T,-0.0
89_V,-0.0
89_W,0.0
89_Y,-0.0
90_A,0.0
90_C,-0.0
90_D,-0.0
90_E,-0.0
90_G,-0.0
88_T,0.0
88_S,0.0
88_R,0.0
88_Q,0.0
87_G,0.0
87_H,0.0
87_I,-0.0
87_N,0.0
87_P,0.0
87_R,0.0
87_S,0.0
87_V,-0.0
87_W,-0.0
88_A,0.0
88_C,-0.0
88_D,0.0
88_E,0.0
88_F,-0.0
88_G,0.0
88_H,0.0
88_I,0.0
88_L,0.0
88_M,0.0
88_N,0.0
88_P,0.0
90_H,-0.0
90_K,0.0
87_E,0.0
92_V,0.0
92_E,0.0
92_F,-0.0
92_G,0.0
92_H,-0.0
92_K,0.0
92_L,0.0
92_N,0.0
92_Q,0.0
92_R,-0.0
92_S,0.0
92_W,0.0
90_L,0.0
92_Y,0.0
93_A,0.0
93_D,-0.0
93_E,-0.0
93_F,0.0
93_G,-0.0
93_K,-0.0
93_L,0.0
93_M,-0.0
93_N,-0.0
92_C,-0.0
2_A,0.0
91_W,-0.0
91_V,0.0
90_M,0.0
90_N,-0.0
90_Q,0.0
90_R,0.0
90_S,-0.0
90_T,-0.0
90_V,0.0
90_W,0.0
90_Y,0.0
91_A,0.0
91_C,-0.0
91_D,0.0
91_E,-0.0
91_F,-0.0
91_G,-0.0
91_K,0.0
91_M,0.0
91_P,-0.0
91_R,0.0
91_S,0.0
91_T,0.0
87_F,0.0
87_C,-0.0
80_Q,-0.0
82_W,0.0
82_G,0.0
82_H,0.0
82_I,0.0
82_L,0.0
82_M,0.0
82_N,-0.0
82_Q,-0.0
82_S,-0.0
82_T,0.0
82_V,0.0
82_Y,0.0
83_P,0.0
83_A,0.0
83_C,-0.0
83_E,0.0
83_F,-0.0
83_G,0.0
83_H,0.0
83_I,-0.0
83_K,-0.0
83_L,-0.0
83_M,-0.0
82_E,-0.0
82_C,0.0
82_A,0.0
81_Y,-0.0
80_S,-0.0
80_T,-0.0
80_V,0.0
80_W,-0.0
80_Y,0.0
81_A,0.0
81_C,0.0
81_E,0.0
81_F,0.0
81_G,-0.0
81_H,-0.0
81_I,0.0
81_K,-0.0
81_L,0.0
81_M,0.0
81_N,0.0
81_P,-0.0
81_Q,0.0
81_R,-0.0
81_S,0.0
81_T,0.0
83_N,0.0
83_Q,0.0
87_A,0.0
86_I,-0.0
85_N,-0.0
85_S,0.0
85_Y,0.0
86_A,0.0
86_C,-0.0
86_D,0.0
86_E,0.0
86_F,-0.0
86_G,0.0
86_H,0.0
86_K,-0.0
83_R,-0.0
86_L,-0.0
86_M,-0.0
86_P,-0.0
86_Q,0.0
86_R,-0.0
86_S,0.0
86_T,0.0
86_V,-0.0
86_W,-0.0
86_Y,-0.0
85_I,0.0
85_D,0.0
84_Y,0.0
84_W,-0.0
83_S,0.0
83_T,0.0
83_V,-0.0
83_W,-0.0
83_Y,-0.0
84_A,0.0
84_C,0.0
84_D,0.0
84_E,0.0
84_F,-0.0
84_G,0.0
84_H,0.0
84_K,-0.0
84_M,0.0
84_N,0.0
84_P,0.0
84_Q,0.0
84_R,-0.0
84_S,0.0
84_T,0.0
84_V,0.0
69_F,-0.0
71_I,-0.0
188_Y,-0.0
57_R,-0.0
57_T,-0.0
57_V,0.0
50_G,-0.0
57_W,0.0
57_Y,0.0
58_C,0.0
58_D,-0.0
58_E,-0.0
58_F,-0.0
58_G,0.0
58_H,-0.0
58_I,-0.0
58_K,-0.0
58_L,-0.0
58_M,-0.0
50_F,-0.0
58_N,-0.0
58_P,0.0
58_Q,-0.0
58_R,-0.0
58_W,-0.0
57_S,0.0
57_Q,-0.0
61_R,-0.0
57_P,-0.0
56_H,-0.0
56_I,0.0
56_K,0.0
56_M,0.0
56_N,0.0
56_Q,-0.0
56_R,-0.0
56_S,0.0
56_W,0.0
56_Y,-0.0
57_A,-0.0
57_C,0.0
57_E,0.0
57_F,-0.0
57_G,-0.0
57_H,-0.0
57_I,0.0
57_K,-0.0
57_L,0.0
57_M,-0.0
57_N,-0.0
58_Y,-0.0
59_D,-0.0
59_E,-0.0
59_F,-0.0
60_N,-0.0
50_D,0.0
60_P,-0.0
60_Q,-0.0
60_R,-0.0
60_S,0.0
60_T,-0.0
60_V,-0.0
60_W,-0.0
60_Y,0.0
61_A,0.0
61_C,0.0
61_D,0.0
61_E,0.0
61_G,0.0
61_H,0.0
61_I,-0.0
61_K,0.0
61_M,0.0
50_C,-0.0
61_N,0.0
60_M,-0.0
60_L,0.0
60_K,-0.0
59_Q,0.0
59_H,-0.0
59_I,-0.0
59_K,-0.0
69_C,-0.0
50_E,0.0
59_L,-0.0
59_M,-0.0
59_N,0.0
59_P,-0.0
59_R,-0.0
60_I,0.0
59_V,-0.0
59_W,-0.0
59_Y,-0.0
60_A,0.0
60_C,0.0
60_D,0.0
50_M,0.0
60_F,-0.0
60_H,-0.0
56_G,-0.0
56_E,-0.0
50_H,0.0
52_W,-0.0
51_T,-0.0
51_V,0.0
51_W,-0.0
51_Y,-0.0
52_A,0.0
52_C,0.0
52_D,0.0
52_E,0.0
52_F,-0.0
52_G,-0.0
52_H,0.0
52_I,-0.0
50_K,-0.0
52_K,-0.0
52_M,-0.0
52_N,0.0
52_P,0.0
52_Q,0.0
52_R,0.0
52_S,0.0
52_T,-0.0
51_S,-0.0
51_R,-0.0
51_Q,0.0
51_C,0.0
50_L,-0.0
50_P,0.0
50_Q,-0.0
50_R,0.0
50_S,-0.0
50_V,0.0
50_W,-0.0
50_Y,-0.0
51_A,-0.0
51_D,-0.0
51_P,0.0
51_E,-0.0
51_F,0.0
51_G,-0.0
51_H,0.0
51_I,0.0
51_K,-0.0
51_L,-0.0
51_M,-0.0
51_N,0.0
52_V,0.0
52_Y,-0.0
56_D,-0.0
53_A,0.0
54_M,-0.0
54_N,0.0
54_P,-0.0
54_Q,0.0
54_R,0.0
54_S,0.0
54_T,0.0
54_V,-0.0
54_W,-0.0
54_Y,0.0
55_A,0.0
50_I,-0.0
55_F,0.0
55_H,-0.0
55_M,0.0
55_N,0.0
55_Q,-0.0
55_S,0.0
55_W,-0.0
55_Y,-0.0
56_A,-0.0
54_L,-0.0
54_K,0.0
54_I,-0.0
53_N,0.0
53_C,-0.0
53_D,-0.0
53_E,0.0
53_F,0.0
53_G,0.0
53_H,-0.0
53_I,0.0
53_K,-0.0
53_M,0.0
53_P,-0.0
54_H,0.0
53_Q,0.0
53_S,0.0
53_T,-0.0
53_V,0.0
53_W,0.0
53_Y,-0.0
54_A,-0.0
54_C,-0.0
54_G,0.0
61_P,-0.0
60_E,-0.0
50_N,0.0
67_C,-0.0
66_W,-0.0
63_Y,0.0
66_V,0.0
49_S,0.0
66_T,0.0
64_A,-0.0
64_C,0.0
64_D,0.0
64_E,-0.0
64_G,-0.0
64_H,-0.0
64_I,0.0
64_K,-0.0
64_N,-0.0
64_P,-0.0
67_A,-0.0
67_D,-0.0
64_R,-0.0
63_T,0.0
67_R,-0.0
63_M,-0.0
49_V,0.0
49_T,0.0
63_N,0.0
67_P,0.0
67_N,-0.0
67_K,0.0
67_H,-0.0
67_G,0.0
63_P,-0.0
67_F,0.0
63_R,0.0
67_E,-0.0
63_S,0.0
64_Q,-0.0
66_S,0.0
49_Q,0.0
65_G,0.0
65_H,0.0
65_I,0.0
66_D,-0.0
65_K,0.0
65_L,-0.0
65_M,0.0
66_C,0.0
65_N,0.0
66_A,-0.0
65_Y,-0.0
65_W,-0.0
65_V,0.0
65_Q,0.0
49_R,0.0
65_T,0.0
66_E,0.0
65_F,-0.0
64_S,-0.0
65_E,0.0
64_T,-0.0
66_R,-0.0
66_Q,0.0
64_V,-0.0
66_N,0.0
65_A,0.0
66_M,0.0
66_L,-0.0
66_K,-0.0
66_I,-0.0
65_C,0.0
66_H,-0.0
66_G,0.0
66_F,0.0
65_D,-0.0
63_K,0.0
67_Q,-0.0
68_I,-0.0
62_M,-0.0
62_I,-0.0
68_N,-0.0
62_K,0.0
49_N,0.0
62_L,-0.0
49_P,0.0
68_M,0.0
62_N,0.0
62_H,-0.0
62_P,0.0
68_K,0.0
62_Q,0.0
62_R,-0.0
67_S,-0.0
62_S,0.0
62_T,0.0
68_P,-0.0
62_G,-0.0
50_A,0.0
68_V,-0.0
61_S,0.0
61_T,0.0
61_V,-0.0
69_A,0.0
49_K,0.0
68_Y,-0.0
68_W,-0.0
61_Y,-0.0
68_Q,0.0
62_A,0.0
68_T,0.0
62_C,-0.0
68_S,0.0
62_D,0.0
49_M,-0.0
62_F,-0.0
68_H,0.0
65_R,0.0
68_G,0.0
63_F,-0.0
67_T,-0.0
67_V,0.0
67_W,-0.0
67_Y,-0.0
68_A,0.0
68_C,0.0
68_D,-0.0
62_V,-0.0
63_H,-0.0
63_G,0.0
49_W,-0.0
68_F,-0.0
63_C,0.0
68_E,0.0
49_Y,-0.0
62_Y,-0.0
63_A,-0.0
62_W,-0.0014025905269206885
133_A,-0.0014389248547617669
130_A,-0.001534984138059967
46_I,-0.0027213471951913187
68_L,-0.0031028121517679285
103_V,-0.003185113672021678
20_P,-0.003970263002281475
80_K,-0.00440843101165521
81_D,-0.005737044775999575
65_S,-0.007251562094371217
75_L,-0.007769042351108119
151_G,-0.008773695192668497
104_K,-0.010316050493988363
45_V,-0.01040051875997298
2_T,-0.011137554128977252
20_E,-0.012966812186163797
5_V,-0.013550591007942
34_R,-0.013990056900396081
41_R,-0.01404864500782144
82_D,-0.014525987135804306
44_V,-0.01514620348524808
168_E,-0.01543390171680289
75_K,-0.015520211962170342
22_M,-0.015581552633576534
80_R,-0.019088079257534973
48_C,-0.019088793571712243
38_F,-0.019375666829911396
92_D,-0.020023916224204272
108_D,-0.020306052624064954
135_R,-0.02146560232926476
164_R,-0.02163060457076085
152_V,-0.022058798152816084
6_R,-0.0223160431575611
27_H,-0.023382712999499476
156_K,-0.024066480380574115
80_P,-0.024680999135056492
55_G,-0.025235011400110866
166_H,-0.026663024149332585
61_L,-0.027528944473543735
154_D,-0.02796045843942526
170_M,-0.02918090985955812
182_K,-0.02948803415586602
36_R,-0.0309465022218498
128_K,-0.03342711039682317
23_L,-0.03430539918261992
61_F,-0.0352965602395135
136_S,-0.03574136640488494
131_Q,-0.03686569539853598
105_D,-0.037490430553408595
63_L,-0.037856237656793704
76_E,-0.03798493954164354
55_E,-0.038543008271102276
149_R,-0.03883130946696295
169_K,-0.03982067950937902
73_R,-0.04035816015010432
38_M,-0.04345002429733476
90_F,-0.046630070866214374
109_D,-0.047529365596410675
95_H,-0.04875201811690353
126_D,-0.05720404683981619
19_W,-0.05721419996771347
118_C,-0.05731319083481463
39_H,-0.05937130174821419
137_K,-0.06027986349883888
88_K,-0.06046694222210142
7_G,-0.06091254691009685
87_T,-0.06330154291904337
176_K,-0.06503722065555279
20_H,-0.0654821276633691
84_L,-0.06602039404185144
78_W,-0.06648739251493643
74_T,-0.0666869417994607
175_K,-0.06774274952349506
94_H,-0.06879225858173744
18_F,-0.0701113351663068
56_P,-0.07050706326398368
54_F,-0.07056958988108424
66_Y,-0.07253903970120877
177_K,-0.07478494258386542
20_K,-0.0755166965712598
12_V,-0.07582993126098014
24_W,-0.07610433096271041
18_L,-0.07632694896194418
185_C,-0.07720106264754116
122_S,-0.0792733708722763
26_V,-0.08106144413942819
125_V,-0.08335385026673542
49_L,-0.08493201874755602
129_Q,-0.08553277757281069
127_T,-0.08631992182437975
22_L,-0.08726797888375579
82_K,-0.0873125181739753
120_L,-0.08821182314894142
55_K,-0.08892625612195226
28_D,-0.09075272546074499
107_E,-0.09307526296903432
52_L,-0.0936846408368313
63_I,-0.09437602818056362
38_W,-0.09494861917320692
81_W,-0.09534243226612488
9_K,-0.0955122542414142
121_P,-0.09572439279880837
39_F,-0.09850810194661605
186_V,-0.09866672155515484
124_T,-0.09919737439994604
106_S,-0.10152715353141253
172_K,-0.10153553808913865
39_W,-0.10293135885053843
27_P,-0.10310870339086166
180_K,-0.10388478195817298
75_D,-0.10432844186882452
65_P,-0.10449230215641177
56_F,-0.10906063996103821
178_K,-0.11217527274048093
184_L,-0.11504770492412428
153_D,-0.11854076862711414
5_L,-0.11942773545859156
82_R,-0.12071245434699383
117_K,-0.1227566856392056
63_W,-0.1257533798716811
188_M,-0.12733233199150684
123_R,-0.13020667147255396
20_R,-0.13099755313167752
22_P,-0.13343767821047708
184_W,-0.13355165086502968
5_F,-0.1336037955623215
82_P,-0.13502151697957032
157_Y,-0.13737911640718264
76_P,-0.13762707044196212
18_Y,-0.14143772734553592
162_P,-0.14546213723008353
21_I,-0.14553974088219493
72_G,-0.1470722642933542
5_W,-0.1506063404001232
5_I,-0.15130335756639662
40_A,-0.15208189831038263
55_P,-0.1521120465181965
47_I,-0.15661535342846916
117_P,-0.16324913714289327
25_F,-0.16381682338332174
53_R,-0.1684057851828684
22_I,-0.16936046290869794
39_Y,-0.16953508364399308
14_W,-0.1724435807602161
97_R,-0.17259573243106222
84_I,-0.1758116166171733
116_Y,-0.17667075661850346
116_F,-0.17926574315706628
20_F,-0.19210635671322374
55_R,-0.19260998279650215
61_W,-0.19749306963885163
22_V,-0.20061281017235308
63_V,-0.20418350401003282
5_Y,-0.20636204921476634
160_P,-0.20762965889753698
187_I,-0.20836354263892712
116_R,-0.21264039038745416
17_N,-0.212693356497716
20_Y,-0.215424855383265
20_W,-0.21847988021662257
112_N,-0.22870467282894916
25_W,-0.2351868693243009
55_D,-0.23714365813116436
116_K,-0.24715878929236879
174_W,-0.2494437375098183
116_W,-0.25452262569233725
37_G,-0.2989690714360941
39_P,-0.35113708401173643
23_P,-0.3776848040110688
19_R,-0.38069025760174396
6_H,-0.41599293335900706
146_F,-0.42440140439867124
21_P,-0.5714485214571506
19_P,-0.7784086641071641
